,id,name,symbol,slug,num_market_pairs,date_added,tags,max_supply,circulating_supply,total_supply,infinite_supply,platform,cmc_rank,self_reported_circulating_supply,self_reported_market_cap,tvl_ratio,last_updated,quote.USD.price,quote.USD.volume_24h,quote.USD.volume_change_24h,quote.USD.percent_change_1h,quote.USD.percent_change_24h,quote.USD.percent_change_7d,quote.USD.percent_change_30d,quote.USD.percent_change_60d,quote.USD.percent_change_90d,quote.USD.market_cap,quote.USD.market_cap_dominance,quote.USD.fully_diluted_market_cap,quote.USD.tvl,quote.USD.last_updated,platform.id,platform.name,platform.symbol,platform.slug,platform.token_address,timestamp,Timestamp
0,1,Bitcoin,BTC,bitcoin,10162,2010-07-13T00:00:00.000Z,"['mineable', 'pow', 'sha-256', 'store-of-value', 'state-channel', 'coinbase-ventures-portfolio', 'three-arrows-capital-portfolio', 'polychain-capital-portfolio', 'binance-labs-portfolio', 'blockchain-capital-portfolio', 'boostvc-portfolio', 'cms-holdings-portfolio', 'dcg-portfolio', 'dragonfly-capital-portfolio', 'electric-capital-portfolio', 'fabric-ventures-portfolio', 'framework-ventures-portfolio', 'galaxy-digital-portfolio', 'huobi-capital-portfolio', 'alameda-research-portfolio', 'a16z-portfolio', '1confirmation-portfolio', 'winklevoss-capital-portfolio', 'usv-portfolio', 'placeholder-ventures-portfolio', 'pantera-capital-portfolio', 'multicoin-capital-portfolio', 'paradigm-portfolio', 'btc-ecosystem']",21000000.0,19346768.0,19346768.0,False,,1,,,,2023-04-15T09:48:00.000Z,30454.651843029023,17713714923.27219,-15.559,0.15687367,-1.12674114,8.49260077,23.07433373,39.96384276,47.51933281,589199083727.855,46.164,639547688703.61,,2023-04-15T09:48:00.000Z,,,,,,2023-04-15 09:50:58.557411,
1,1027,Ethereum,ETH,ethereum,6729,2015-08-07T00:00:00.000Z,"['pos', 'smart-contracts', 'ethereum-ecosystem', 'coinbase-ventures-portfolio', 'three-arrows-capital-portfolio', 'polychain-capital-portfolio', 'binance-labs-portfolio', 'blockchain-capital-portfolio', 'boostvc-portfolio', 'cms-holdings-portfolio', 'dcg-portfolio', 'dragonfly-capital-portfolio', 'electric-capital-portfolio', 'fabric-ventures-portfolio', 'framework-ventures-portfolio', 'hashkey-capital-portfolio', 'kenetic-capital-portfolio', 'huobi-capital-portfolio', 'alameda-research-portfolio', 'a16z-portfolio', '1confirmation-portfolio', 'winklevoss-capital-portfolio', 'usv-portfolio', 'placeholder-ventures-portfolio', 'pantera-capital-portfolio', 'multicoin-capital-portfolio', 'paradigm-portfolio', 'injective-ecosystem', 'layer-1']",,120109686.10816336,120109686.10816336,False,,2,,,,2023-04-15T09:48:00.000Z,2107.04797220804,12017633335.506918,-19.5748,0.54392296,-0.34761744,12.46572204,27.00601681,40.04761022,38.17267892,253076870556.7498,19.8284,253076870556.75,,2023-04-15T09:48:00.000Z,,,,,,2023-04-15 09:50:58.557411,
2,825,Tether,USDT,tether,51276,2015-02-25T00:00:00.000Z,"['payments', 'stablecoin', 'asset-backed-stablecoin', 'avalanche-ecosystem', 'solana-ecosystem', 'arbitrum-ecosytem', 'moonriver-ecosystem', 'injective-ecosystem', 'bnb-chain', 'usd-stablecoin', 'optimism-ecosystem']",,80765305448.28091,83091735571.84532,False,,3,,,,2023-04-15T09:48:00.000Z,1.0007321459504852,33834384524.80148,-11.2102,0.00065301,-0.0052732,0.03258069,-0.19614816,-0.03650811,0.06006339,80824437439.60457,6.3325,83152570849.56,,2023-04-15T09:48:00.000Z,1027.0,Ethereum,ETH,ethereum,0xdac17f958d2ee523a2206206994597c13d831ec7,2023-04-15 09:50:58.557411,
3,1839,BNB,BNB,bnb,1262,2017-07-25T00:00:00.000Z,"['marketplace', 'centralized-exchange', 'payments', 'smart-contracts', 'alameda-research-portfolio', 'multicoin-capital-portfolio', 'bnb-chain', 'layer-1']",,155865959.49186018,155865959.49186018,False,,4,,,,2023-04-15T09:48:00.000Z,333.0160788454553,762478007.7142442,-11.7711,0.52068394,-0.05284637,6.62724453,4.23472772,13.88273454,12.9972665,51905870655.46385,4.0669,51905870655.46,,2023-04-15T09:48:00.000Z,,,,,,2023-04-15 09:50:58.557411,
4,3408,USD Coin,USDC,usd-coin,11800,2018-10-08T00:00:00.000Z,"['medium-of-exchange', 'stablecoin', 'asset-backed-stablecoin', 'fantom-ecosystem', 'arbitrum-ecosytem', 'moonriver-ecosystem', 'bnb-chain', 'usd-stablecoin', 'optimism-ecosystem']",,31831761945.83679,31831761945.83679,False,,5,,,,2023-04-15T09:48:00.000Z,0.9999644430438034,5309037315.042005,-3.1687,0.01040698,0.00721073,0.00755355,0.05457358,-0.00694741,-0.00367797,31830630105.271618,2.494,31830630105.27,,2023-04-15T09:48:00.000Z,1027.0,Ethereum,ETH,ethereum,0xa0b86991c6218b36c1d19d4a2e9eb0ce3606eb48,2023-04-15 09:50:58.557411,
5,52,XRP,XRP,xrp,932,2013-08-04T00:00:00.000Z,"['medium-of-exchange', 'enterprise-solutions', 'arrington-xrp-capital-portfolio', 'galaxy-digital-portfolio', 'a16z-portfolio', 'pantera-capital-portfolio']",100000000000.0,51750810378.0,99988998998.0,False,,6,,,,2023-04-15T09:48:00.000Z,0.5226704019729956,1053587692.7697258,-25.1873,0.24921109,-1.68164437,2.35577079,43.35827743,41.68020153,36.56643034,27048616862.697533,2.1193,52267040197.3,,2023-04-15T09:48:00.000Z,,,,,,2023-04-15 09:50:58.557411,
6,2010,Cardano,ADA,cardano,766,2017-10-01T00:00:00.000Z,"['dpos', 'pos', 'platform', 'research', 'smart-contracts', 'staking', 'cardano-ecosystem', 'cardano', 'layer-1']",45000000000.0,34777541113.971,35677745726.912,False,,7,,,,2023-04-15T09:48:00.000Z,0.44839240042888534,577481102.7644364,-17.2349,0.30548279,2.45302605,15.0154001,36.42877691,24.43954186,30.93469918,15593985141.107708,1.2218,20177658019.3,,2023-04-15T09:48:00.000Z,,,,,,2023-04-15 09:50:58.557411,
7,74,Dogecoin,DOGE,dogecoin,684,2013-12-15T00:00:00.000Z,"['mineable', 'pow', 'scrypt', 'medium-of-exchange', 'memes', 'payments', 'doggone-doggerel', 'bnb-chain']",,138946096383.7052,138946096383.7052,False,,8,,,,2023-04-15T09:48:00.000Z,0.08966033888123032,741016414.5168711,-32.0106,0.74975071,-0.3915639,7.74640396,26.46820205,9.9372708,7.23617573,12457954087.987099,0.9761,12457954087.99,,2023-04-15T09:48:00.000Z,,,,,,2023-04-15 09:50:58.557411,
8,3890,Polygon,MATIC,polygon,654,2019-04-28T00:00:00.000Z,"['platform', 'enterprise-solutions', 'zero-knowledge-proofs', 'scaling', 'state-channel', 'coinbase-ventures-portfolio', 'layer-2', 'binance-launchpad', 'binance-labs-portfolio', 'polygon-ecosystem', 'moonriver-ecosystem', 'injective-ecosystem']",10000000000.0,9219469069.28493,10000000000.0,False,,9,,,,2023-04-15T09:48:00.000Z,1.1605028860443072,403231681.7059245,-19.0839,0.70127109,-1.57083236,3.90033529,1.68307395,-1.35115813,20.75556686,10699220462.701384,0.8383,11605028860.44,,2023-04-15T09:48:00.000Z,,,,,,2023-04-15 09:50:58.557411,
9,5426,Solana,SOL,solana,455,2020-04-10T00:00:00.000Z,"['pos', 'platform', 'solana-ecosystem', 'cms-holdings-portfolio', 'kenetic-capital-portfolio', 'alameda-research-portfolio', 'multicoin-capital-portfolio', 'okex-blockdream-ventures-portfolio', 'layer-1']",,391874958.00938195,539312704.8875339,False,,10,,,,2023-04-15T09:48:00.000Z,24.44673050174696,592450710.2042112,-35.3252,0.61455632,-2.52378179,18.57356369,23.83257773,16.38223403,9.09238972,9580061488.838766,0.7506,13184432352.55,,2023-04-15T09:48:00.000Z,,,,,,2023-04-15 09:50:58.557411,
10,6636,Polkadot,DOT,polkadot-new,497,2020-08-19T00:00:00.000Z,"['substrate', 'polkadot', 'binance-chain', 'polkadot-ecosystem', 'three-arrows-capital-portfolio', 'polychain-capital-portfolio', 'arrington-xrp-capital-portfolio', 'blockchain-capital-portfolio', 'boostvc-portfolio', 'cms-holdings-portfolio', 'coinfund-portfolio', 'fabric-ventures-portfolio', 'fenbushi-capital-portfolio', 'hashkey-capital-portfolio', 'kenetic-capital-portfolio', '1confirmation-portfolio', 'placeholder-ventures-portfolio', 'pantera-capital-portfolio', 'exnetwork-capital-portfolio', 'web3', 'spartan-group', 'injective-ecosystem', 'bnb-chain', 'layer-1']",,1176237934.3380146,1302716811.6431944,False,,11,,,,2023-04-15T09:48:00.000Z,6.7795345692416795,241237732.19644785,-11.5281,0.92998011,0.40238325,9.40189278,11.95380843,11.15550528,15.07432607,7974345737.497994,0.6248,8831813658.47,,2023-04-15T09:48:00.000Z,,,,,,2023-04-15 09:50:58.557411,
11,2,Litecoin,LTC,litecoin,903,2013-04-28T00:00:00.000Z,"['mineable', 'pow', 'scrypt', 'medium-of-exchange']",84000000.0,72708701.8210035,84000000.0,False,,12,,,,2023-04-15T09:48:00.000Z,96.46056600248134,595287601.5842165,-20.4659,0.38875404,-1.00347158,6.12770427,21.30301705,5.54073464,11.74055176,7013522530.959643,0.5495,8102687544.21,,2023-04-15T09:48:00.000Z,,,,,,2023-04-15 09:50:58.557411,
12,4687,Binance USD,BUSD,binance-usd,6608,2019-09-20T00:00:00.000Z,"['stablecoin', 'asset-backed-stablecoin', 'binance-chain', 'harmony-ecosystem', 'moonriver-ecosystem', 'usd-stablecoin', 'optimism-ecosystem']",,6681120001.193376,6681120001.193376,False,,13,,,,2023-04-15T09:48:00.000Z,1.000572201663298,3587799359.543846,-6.2431,0.01465853,0.0168312,0.07013306,0.07824365,0.11166428,0.06348682,6684942949.170753,0.5238,6684942949.17,,2023-04-15T09:48:00.000Z,1839.0,BNB,BNB,bnb,BUSD-BD1,2023-04-15 09:50:58.557411,
13,5994,Shiba Inu,SHIB,shiba-inu,504,2020-08-01T00:00:00.000Z,"['memes', 'ethereum-ecosystem', 'doggone-doggerel']",,589536819759861.4,589605111470794.8,False,,14,,,,2023-04-15T09:48:00.000Z,1.1225692944176879e-05,230432444.03070453,-10.4999,0.22261774,-0.31813793,2.2188889,7.00731237,-9.37491568,12.96902685,6617959317.910752,0.5185,6618725939.69,,2023-04-15T09:48:00.000Z,1027.0,Ethereum,ETH,ethereum,0x95ad61b0a150d79219dcf64e1e6cc01f0b64c4ce,2023-04-15 09:50:58.557411,
14,5805,Avalanche,AVAX,avalanche,402,2020-07-13T00:00:00.000Z,"['defi', 'smart-contracts', 'three-arrows-capital-portfolio', 'polychain-capital-portfolio', 'avalanche-ecosystem', 'cms-holdings-portfolio', 'dragonfly-capital-portfolio', 'moonriver-ecosystem', 'injective-ecosystem', 'layer-1']",720000000.0,326194589.73311615,422257309.73311615,False,,15,,,,2023-04-15T09:48:00.000Z,19.293289773730162,222344722.31581548,-11.2347,0.74171544,0.99274117,9.03594043,21.54924566,10.01358657,19.26322392,6293366742.344035,0.4931,13891168637.09,,2023-04-15T09:48:00.000Z,,,,,,2023-04-15 09:50:58.557411,
0,1,Bitcoin,BTC,bitcoin,10162,2010-07-13T00:00:00.000Z,"['mineable', 'pow', 'sha-256', 'store-of-value', 'state-channel', 'coinbase-ventures-portfolio', 'three-arrows-capital-portfolio', 'polychain-capital-portfolio', 'binance-labs-portfolio', 'blockchain-capital-portfolio', 'boostvc-portfolio', 'cms-holdings-portfolio', 'dcg-portfolio', 'dragonfly-capital-portfolio', 'electric-capital-portfolio', 'fabric-ventures-portfolio', 'framework-ventures-portfolio', 'galaxy-digital-portfolio', 'huobi-capital-portfolio', 'alameda-research-portfolio', 'a16z-portfolio', '1confirmation-portfolio', 'winklevoss-capital-portfolio', 'usv-portfolio', 'placeholder-ventures-portfolio', 'pantera-capital-portfolio', 'multicoin-capital-portfolio', 'paradigm-portfolio', 'btc-ecosystem']",21000000.0,19346768.0,19346768.0,False,,1,,,,2023-04-15T09:50:00.000Z,30454.402944943053,17730621077.34733,-15.4099,0.17800567,-1.09988633,8.49619798,22.97127585,39.90863668,47.51014539,589194268354.33,46.1551,639542461843.8,,2023-04-15T09:50:00.000Z,,,,,,,2023-04-15 09:51:56.655564
1,1027,Ethereum,ETH,ethereum,6729,2015-08-07T00:00:00.000Z,"['pos', 'smart-contracts', 'ethereum-ecosystem', 'coinbase-ventures-portfolio', 'three-arrows-capital-portfolio', 'polychain-capital-portfolio', 'binance-labs-portfolio', 'blockchain-capital-portfolio', 'boostvc-portfolio', 'cms-holdings-portfolio', 'dcg-portfolio', 'dragonfly-capital-portfolio', 'electric-capital-portfolio', 'fabric-ventures-portfolio', 'framework-ventures-portfolio', 'hashkey-capital-portfolio', 'kenetic-capital-portfolio', 'huobi-capital-portfolio', 'alameda-research-portfolio', 'a16z-portfolio', '1confirmation-portfolio', 'winklevoss-capital-portfolio', 'usv-portfolio', 'placeholder-ventures-portfolio', 'pantera-capital-portfolio', 'multicoin-capital-portfolio', 'paradigm-portfolio', 'injective-ecosystem', 'layer-1']",,120109686.10816336,120109686.10816336,False,,2,,,,2023-04-15T09:50:00.000Z,2106.549908037895,12023418622.552145,-19.431,0.56738717,-0.29426809,12.43775774,26.97066654,39.94970528,38.12040603,253017048225.61194,19.8222,253017048225.61,,2023-04-15T09:50:00.000Z,,,,,,,2023-04-15 09:51:56.655564
2,825,Tether,USDT,tether,51276,2015-02-25T00:00:00.000Z,"['payments', 'stablecoin', 'asset-backed-stablecoin', 'avalanche-ecosystem', 'solana-ecosystem', 'arbitrum-ecosytem', 'moonriver-ecosystem', 'injective-ecosystem', 'bnb-chain', 'usd-stablecoin', 'optimism-ecosystem']",,80765305448.28091,83091735571.84532,False,,3,,,,2023-04-15T09:50:00.000Z,1.0007606616396854,33850604326.85613,-11.1107,0.00497744,-0.01182364,0.03102831,-0.22012712,-0.02403284,0.06211183,80826740517.9529,6.3322,83154940267.67,,2023-04-15T09:50:00.000Z,1027.0,Ethereum,ETH,ethereum,0xdac17f958d2ee523a2206206994597c13d831ec7,,2023-04-15 09:51:56.655564
3,1839,BNB,BNB,bnb,1262,2017-07-25T00:00:00.000Z,"['marketplace', 'centralized-exchange', 'payments', 'smart-contracts', 'alameda-research-portfolio', 'multicoin-capital-portfolio', 'bnb-chain', 'layer-1']",,155865959.49186018,155865959.49186018,False,,4,,,,2023-04-15T09:50:00.000Z,333.15537711137614,763194335.2594744,-11.7541,0.62760319,0.00778436,6.66256436,4.49216187,13.82710698,12.97948505,51927582513.33716,4.0686,51927582513.34,,2023-04-15T09:50:00.000Z,,,,,,,2023-04-15 09:51:56.655564
4,3408,USD Coin,USDC,usd-coin,11800,2018-10-08T00:00:00.000Z,"['medium-of-exchange', 'stablecoin', 'asset-backed-stablecoin', 'fantom-ecosystem', 'arbitrum-ecosytem', 'moonriver-ecosystem', 'bnb-chain', 'usd-stablecoin', 'optimism-ecosystem']",,31831761945.83679,31831761945.83679,False,,5,,,,2023-04-15T09:50:00.000Z,0.9999453535261297,5307777065.870192,-3.1929,0.00547066,-0.00213815,-0.00049085,0.01307383,-0.01046691,-0.00938466,31830022452.289368,2.4939,31830022452.29,,2023-04-15T09:50:00.000Z,1027.0,Ethereum,ETH,ethereum,0xa0b86991c6218b36c1d19d4a2e9eb0ce3606eb48,,2023-04-15 09:51:56.655564
5,52,XRP,XRP,xrp,932,2013-08-04T00:00:00.000Z,"['medium-of-exchange', 'enterprise-solutions', 'arrington-xrp-capital-portfolio', 'galaxy-digital-portfolio', 'a16z-portfolio', 'pantera-capital-portfolio']",100000000000.0,51750810378.0,99988998998.0,False,,6,,,,2023-04-15T09:50:00.000Z,0.5227085516568992,1052721258.2100338,-25.2583,0.30260474,-1.63731047,2.36256435,43.66802446,41.6206062,36.56004533,27050591139.75521,2.1195,52270855165.69,,2023-04-15T09:50:00.000Z,,,,,,,2023-04-15 09:51:56.655564
6,2010,Cardano,ADA,cardano,766,2017-10-01T00:00:00.000Z,"['dpos', 'pos', 'platform', 'research', 'smart-contracts', 'staking', 'cardano-ecosystem', 'cardano', 'layer-1']",45000000000.0,34777541113.971,35677745726.912,False,,7,,,,2023-04-15T09:50:00.000Z,0.44880629738643074,577718875.5096322,-17.1728,0.33383144,2.65178168,15.14404736,37.21731432,24.49508663,30.8532222,15608379459.565691,1.2228,20196283382.39,,2023-04-15T09:50:00.000Z,,,,,,,2023-04-15 09:51:56.655564
7,74,Dogecoin,DOGE,dogecoin,684,2013-12-15T00:00:00.000Z,"['mineable', 'pow', 'scrypt', 'medium-of-exchange', 'memes', 'payments', 'doggone-doggerel', 'bnb-chain']",,138946096383.7052,138946096383.7052,False,,8,,,,2023-04-15T09:50:00.000Z,0.08963596693162741,741511279.6588018,-31.8824,0.77693088,-0.30662892,7.78927459,26.71425505,9.83211015,7.12877654,12454567700.728514,0.9758,12454567700.73,,2023-04-15T09:50:00.000Z,,,,,,,2023-04-15 09:51:56.655564
8,3890,Polygon,MATIC,polygon,654,2019-04-28T00:00:00.000Z,"['platform', 'enterprise-solutions', 'zero-knowledge-proofs', 'scaling', 'state-channel', 'coinbase-ventures-portfolio', 'layer-2', 'binance-launchpad', 'binance-labs-portfolio', 'polygon-ecosystem', 'moonriver-ecosystem', 'injective-ecosystem']",10000000000.0,9219469069.28493,10000000000.0,False,,9,,,,2023-04-15T09:50:00.000Z,1.1610689654269248,403168576.39149,-19.1355,0.81639129,-1.48939233,3.93848341,2.01285076,-1.38172533,20.73058497,10704439414.060186,0.8387,11610689654.27,,2023-04-15T09:50:00.000Z,,,,,,,2023-04-15 09:51:56.655564
9,5426,Solana,SOL,solana,455,2020-04-10T00:00:00.000Z,"['pos', 'platform', 'solana-ecosystem', 'cms-holdings-portfolio', 'kenetic-capital-portfolio', 'alameda-research-portfolio', 'multicoin-capital-portfolio', 'okex-blockdream-ventures-portfolio', 'layer-1']",,391874958.00938195,539312704.8875339,False,,10,,,,2023-04-15T09:50:00.000Z,24.433978072205893,592513218.5881734,-35.2705,0.61999783,-2.4852129,18.50598519,24.39838379,16.0639681,8.90817084,9575064131.047844,0.7501,13177554805.28,,2023-04-15T09:50:00.000Z,,,,,,,2023-04-15 09:51:56.655564
10,6636,Polkadot,DOT,polkadot-new,497,2020-08-19T00:00:00.000Z,"['substrate', 'polkadot', 'binance-chain', 'polkadot-ecosystem', 'three-arrows-capital-portfolio', 'polychain-capital-portfolio', 'arrington-xrp-capital-portfolio', 'blockchain-capital-portfolio', 'boostvc-portfolio', 'cms-holdings-portfolio', 'coinfund-portfolio', 'fabric-ventures-portfolio', 'fenbushi-capital-portfolio', 'hashkey-capital-portfolio', 'kenetic-capital-portfolio', '1confirmation-portfolio', 'placeholder-ventures-portfolio', 'pantera-capital-portfolio', 'exnetwork-capital-portfolio', 'web3', 'spartan-group', 'injective-ecosystem', 'bnb-chain', 'layer-1']",,1176237934.3380146,1302716811.6431944,False,,11,,,,2023-04-15T09:50:00.000Z,6.778605044493093,241222937.5999945,-11.6807,0.96374357,0.3978613,9.40116471,12.27390869,11.05858752,14.8183741,7973252395.227801,0.6247,8830602750.95,,2023-04-15T09:50:00.000Z,,,,,,,2023-04-15 09:51:56.655564
11,2,Litecoin,LTC,litecoin,903,2013-04-28T00:00:00.000Z,"['mineable', 'pow', 'scrypt', 'medium-of-exchange']",84000000.0,72708701.8210035,84000000.0,False,,12,,,,2023-04-15T09:50:00.000Z,96.44928260256489,595433133.2096798,-20.4474,0.42229992,-0.97916621,6.11434823,21.73473157,5.46030282,11.73368977,7012702129.599591,0.5495,8101739738.62,,2023-04-15T09:50:00.000Z,,,,,,,2023-04-15 09:51:56.655564
12,4687,Binance USD,BUSD,binance-usd,6608,2019-09-20T00:00:00.000Z,"['stablecoin', 'asset-backed-stablecoin', 'binance-chain', 'harmony-ecosystem', 'moonriver-ecosystem', 'usd-stablecoin', 'optimism-ecosystem']",,6681120001.193376,6681120001.193376,False,,13,,,,2023-04-15T09:50:00.000Z,1.0006748854698047,3589468806.042588,-6.1938,0.02512067,0.0302407,0.07576309,0.05598814,0.12345674,0.06985632,6685628992.004202,0.5238,6685628992.0,,2023-04-15T09:50:00.000Z,1839.0,BNB,BNB,bnb,BUSD-BD1,,2023-04-15 09:51:56.655564
13,5994,Shiba Inu,SHIB,shiba-inu,504,2020-08-01T00:00:00.000Z,"['memes', 'ethereum-ecosystem', 'doggone-doggerel']",,589536819759861.4,589605111470794.8,False,,14,,,,2023-04-15T09:50:00.000Z,1.1227355750849192e-05,230015199.1362345,-10.6548,0.28484277,-0.31284073,2.23106973,7.24957053,-9.4348449,12.99228293,6618939603.668223,0.5186,6619706339.0,,2023-04-15T09:50:00.000Z,1027.0,Ethereum,ETH,ethereum,0x95ad61b0a150d79219dcf64e1e6cc01f0b64c4ce,,2023-04-15 09:51:56.655564
14,5805,Avalanche,AVAX,avalanche,402,2020-07-13T00:00:00.000Z,"['defi', 'smart-contracts', 'three-arrows-capital-portfolio', 'polychain-capital-portfolio', 'avalanche-ecosystem', 'cms-holdings-portfolio', 'dragonfly-capital-portfolio', 'moonriver-ecosystem', 'injective-ecosystem', 'layer-1']",720000000.0,326194589.73311615,422257309.73311615,False,,15,,,,2023-04-15T09:50:00.000Z,19.286341923635067,222354759.23119172,-11.1061,0.73958403,0.96327238,9.00277966,22.01962672,9.92166871,18.99937587,6291100391.2327385,0.4929,13886166185.02,,2023-04-15T09:50:00.000Z,,,,,,,2023-04-15 09:51:56.655564
0,1,Bitcoin,BTC,bitcoin,10162,2010-07-13T00:00:00.000Z,"['mineable', 'pow', 'sha-256', 'store-of-value', 'state-channel', 'coinbase-ventures-portfolio', 'three-arrows-capital-portfolio', 'polychain-capital-portfolio', 'binance-labs-portfolio', 'blockchain-capital-portfolio', 'boostvc-portfolio', 'cms-holdings-portfolio', 'dcg-portfolio', 'dragonfly-capital-portfolio', 'electric-capital-portfolio', 'fabric-ventures-portfolio', 'framework-ventures-portfolio', 'galaxy-digital-portfolio', 'huobi-capital-portfolio', 'alameda-research-portfolio', 'a16z-portfolio', '1confirmation-portfolio', 'winklevoss-capital-portfolio', 'usv-portfolio', 'placeholder-ventures-portfolio', 'pantera-capital-portfolio', 'multicoin-capital-portfolio', 'paradigm-portfolio', 'btc-ecosystem']",21000000.0,19346768.0,19346768.0,False,,1,,,,2023-04-15T09:51:00.000Z,30469.12494935231,17729719850.91213,-15.4142,0.26736823,-1.0483305,8.54775376,23.12898811,39.96608938,47.57241957,589479091558.1309,46.1774,639851623936.4,,2023-04-15T09:51:00.000Z,,,,,,,2023-04-15 09:52:57.692977
1,1027,Ethereum,ETH,ethereum,6729,2015-08-07T00:00:00.000Z,"['pos', 'smart-contracts', 'ethereum-ecosystem', 'coinbase-ventures-portfolio', 'three-arrows-capital-portfolio', 'polychain-capital-portfolio', 'binance-labs-portfolio', 'blockchain-capital-portfolio', 'boostvc-portfolio', 'cms-holdings-portfolio', 'dcg-portfolio', 'dragonfly-capital-portfolio', 'electric-capital-portfolio', 'fabric-ventures-portfolio', 'framework-ventures-portfolio', 'hashkey-capital-portfolio', 'kenetic-capital-portfolio', 'huobi-capital-portfolio', 'alameda-research-portfolio', 'a16z-portfolio', '1confirmation-portfolio', 'winklevoss-capital-portfolio', 'usv-portfolio', 'placeholder-ventures-portfolio', 'pantera-capital-portfolio', 'multicoin-capital-portfolio', 'paradigm-portfolio', 'injective-ecosystem', 'layer-1']",,120109686.10816336,120109686.10816336,False,,2,,,,2023-04-15T09:51:00.000Z,2108.5364961638634,12022903583.997,-19.4344,0.63078858,-0.19202996,12.53775227,27.15092961,40.07297817,38.24829642,253255656701.8482,19.8409,253255656701.85,,2023-04-15T09:51:00.000Z,,,,,,,2023-04-15 09:52:57.692977
2,825,Tether,USDT,tether,51276,2015-02-25T00:00:00.000Z,"['payments', 'stablecoin', 'asset-backed-stablecoin', 'avalanche-ecosystem', 'solana-ecosystem', 'arbitrum-ecosytem', 'moonriver-ecosystem', 'injective-ecosystem', 'bnb-chain', 'usd-stablecoin', 'optimism-ecosystem']",,80765305448.28091,83091735571.84532,False,,3,,,,2023-04-15T09:51:00.000Z,1.000600873935049,33851862171.102352,-11.1074,0.01421769,-0.02137265,0.01718789,-0.23726251,-0.0456697,0.04534586,80813835215.18105,6.3312,83141663229.97,,2023-04-15T09:51:00.000Z,1027.0,Ethereum,ETH,ethereum,0xdac17f958d2ee523a2206206994597c13d831ec7,,2023-04-15 09:52:57.692977
3,1839,BNB,BNB,bnb,1262,2017-07-25T00:00:00.000Z,"['marketplace', 'centralized-exchange', 'payments', 'smart-contracts', 'alameda-research-portfolio', 'multicoin-capital-portfolio', 'bnb-chain', 'layer-1']",,155865959.49186018,155865959.49186018,False,,4,,,,2023-04-15T09:51:00.000Z,333.18707978707215,763374020.7905563,-11.7333,0.63030356,0.0178429,6.67268666,4.51176926,13.82519039,12.99009683,51932523881.30297,4.0682,51932523881.3,,2023-04-15T09:51:00.000Z,,,,,,,2023-04-15 09:52:57.692977
4,3408,USD Coin,USDC,usd-coin,11800,2018-10-08T00:00:00.000Z,"['medium-of-exchange', 'stablecoin', 'asset-backed-stablecoin', 'fantom-ecosystem', 'arbitrum-ecosytem', 'moonriver-ecosystem', 'bnb-chain', 'usd-stablecoin', 'optimism-ecosystem']",,31831761945.83679,31831761945.83679,False,,5,,,,2023-04-15T09:51:00.000Z,0.9998389444223998,5308005693.190786,-3.1887,0.01586426,-0.00811247,-0.00995642,-0.00294965,-0.02160198,-0.01761797,31826635263.03057,2.4932,31826635263.03,,2023-04-15T09:51:00.000Z,1027.0,Ethereum,ETH,ethereum,0xa0b86991c6218b36c1d19d4a2e9eb0ce3606eb48,,2023-04-15 09:52:57.692977
5,52,XRP,XRP,xrp,932,2013-08-04T00:00:00.000Z,"['medium-of-exchange', 'enterprise-solutions', 'arrington-xrp-capital-portfolio', 'galaxy-digital-portfolio', 'a16z-portfolio', 'pantera-capital-portfolio']",100000000000.0,51750810378.0,99988998998.0,False,,6,,,,2023-04-15T09:51:00.000Z,0.522720919759352,1052825143.797753,-25.2509,0.3105807,-1.63318009,2.3648214,43.67109452,41.59878043,36.55995153,27051231199.07998,2.1191,52272091975.94,,2023-04-15T09:51:00.000Z,,,,,,,2023-04-15 09:52:57.692977
6,2010,Cardano,ADA,cardano,766,2017-10-01T00:00:00.000Z,"['dpos', 'pos', 'platform', 'research', 'smart-contracts', 'staking', 'cardano-ecosystem', 'cardano', 'layer-1']",45000000000.0,34777541113.971,35677745726.912,False,,7,,,,2023-04-15T09:51:00.000Z,0.44881006203310175,577791498.0055547,-17.1624,0.33377129,2.65220009,15.14547233,37.13266199,24.49851989,30.84888746,15608510384.720072,1.2228,20196452791.49,,2023-04-15T09:51:00.000Z,,,,,,,2023-04-15 09:52:57.692977
7,74,Dogecoin,DOGE,dogecoin,684,2013-12-15T00:00:00.000Z,"['mineable', 'pow', 'scrypt', 'medium-of-exchange', 'memes', 'payments', 'doggone-doggerel', 'bnb-chain']",,138946096383.7052,138946096383.7052,False,,8,,,,2023-04-15T09:51:00.000Z,0.08964003955174729,741631608.2445269,-31.8714,0.78432677,-0.28892882,7.79782291,26.71290984,9.82456152,7.12286533,12455133575.396225,0.9757,12455133575.4,,2023-04-15T09:51:00.000Z,,,,,,,2023-04-15 09:52:57.692977
8,3890,Polygon,MATIC,polygon,654,2019-04-28T00:00:00.000Z,"['platform', 'enterprise-solutions', 'zero-knowledge-proofs', 'scaling', 'state-channel', 'coinbase-ventures-portfolio', 'layer-2', 'binance-launchpad', 'binance-labs-portfolio', 'polygon-ecosystem', 'moonriver-ecosystem', 'injective-ecosystem']",10000000000.0,9219469069.28493,10000000000.0,False,,9,,,,2023-04-15T09:51:00.000Z,1.161151586152791,403156910.73615026,-19.1378,0.82373927,-1.47753676,3.94609506,2.01406316,-1.38976571,20.73340227,10705201133.28679,0.8386,11611515861.53,,2023-04-15T09:51:00.000Z,,,,,,,2023-04-15 09:52:57.692977
9,5426,Solana,SOL,solana,455,2020-04-10T00:00:00.000Z,"['pos', 'platform', 'solana-ecosystem', 'cms-holdings-portfolio', 'kenetic-capital-portfolio', 'alameda-research-portfolio', 'multicoin-capital-portfolio', 'okex-blockdream-ventures-portfolio', 'layer-1']",,391874958.00938195,539312704.8875339,False,,10,,,,2023-04-15T09:51:00.000Z,24.433594771489975,592556949.9044077,-35.2658,0.61331865,-2.48807295,18.5038274,24.42804436,15.87675677,8.88607044,9574913925.095888,0.7501,13177348086.34,,2023-04-15T09:51:00.000Z,,,,,,,2023-04-15 09:52:57.692977
10,6636,Polkadot,DOT,polkadot-new,497,2020-08-19T00:00:00.000Z,"['substrate', 'polkadot', 'binance-chain', 'polkadot-ecosystem', 'three-arrows-capital-portfolio', 'polychain-capital-portfolio', 'arrington-xrp-capital-portfolio', 'blockchain-capital-portfolio', 'boostvc-portfolio', 'cms-holdings-portfolio', 'coinfund-portfolio', 'fabric-ventures-portfolio', 'fenbushi-capital-portfolio', 'hashkey-capital-portfolio', 'kenetic-capital-portfolio', '1confirmation-portfolio', 'placeholder-ventures-portfolio', 'pantera-capital-portfolio', 'exnetwork-capital-portfolio', 'web3', 'spartan-group', 'injective-ecosystem', 'bnb-chain', 'layer-1']",,1176237934.3380146,1302716811.6431944,False,,11,,,,2023-04-15T09:51:00.000Z,6.779116193750899,241280273.07436115,-11.6597,0.96675721,0.40369197,9.40946015,12.29091348,11.05672175,14.83079622,7973853628.374942,0.6246,8831268633.68,,2023-04-15T09:51:00.000Z,,,,,,,2023-04-15 09:52:57.692977
11,2,Litecoin,LTC,litecoin,903,2013-04-28T00:00:00.000Z,"['mineable', 'pow', 'scrypt', 'medium-of-exchange']",84000000.0,72708701.8210035,84000000.0,False,,12,,,,2023-04-15T09:51:00.000Z,96.44978031217084,595374488.3092059,-20.4552,0.42622898,-0.97579016,6.11497052,21.75879875,5.45610852,11.73078367,7012738317.418923,0.5494,8101781546.22,,2023-04-15T09:51:00.000Z,,,,,,,2023-04-15 09:52:57.692977
12,4687,Binance USD,BUSD,binance-usd,6608,2019-09-20T00:00:00.000Z,"['stablecoin', 'asset-backed-stablecoin', 'binance-chain', 'harmony-ecosystem', 'moonriver-ecosystem', 'usd-stablecoin', 'optimism-ecosystem']",,6681120001.193376,6681120001.193376,False,,13,,,,2023-04-15T09:51:00.000Z,1.0007320682456309,3589594237.379256,-6.1906,0.05495894,0.02738861,0.07813211,0.06456375,0.11895465,0.07621175,6686011036.991499,0.5238,6686011036.99,,2023-04-15T09:51:00.000Z,1839.0,BNB,BNB,bnb,BUSD-BD1,,2023-04-15 09:52:57.692977
13,5994,Shiba Inu,SHIB,shiba-inu,504,2020-08-01T00:00:00.000Z,"['memes', 'ethereum-ecosystem', 'doggone-doggerel']",,589536819759861.4,589605111470794.8,False,,14,,,,2023-04-15T09:51:00.000Z,1.1227545424534e-05,230078395.86281744,-10.6303,0.28372221,-0.31520804,2.23471434,7.25863796,-9.4639585,12.96371525,6619051423.289157,0.5186,6619818171.58,,2023-04-15T09:51:00.000Z,1027.0,Ethereum,ETH,ethereum,0x95ad61b0a150d79219dcf64e1e6cc01f0b64c4ce,,2023-04-15 09:52:57.692977
14,5805,Avalanche,AVAX,avalanche,402,2020-07-13T00:00:00.000Z,"['defi', 'smart-contracts', 'three-arrows-capital-portfolio', 'polychain-capital-portfolio', 'avalanche-ecosystem', 'cms-holdings-portfolio', 'dragonfly-capital-portfolio', 'moonriver-ecosystem', 'injective-ecosystem', 'layer-1']",720000000.0,326194589.73311615,422257309.73311615,False,,15,,,,2023-04-15T09:51:00.000Z,19.287047486428044,222383159.4456347,-11.0948,0.73607593,0.96793214,9.00125223,22.04126046,9.91920575,19.00063271,6291330541.998525,0.4929,13886674190.23,,2023-04-15T09:51:00.000Z,,,,,,,2023-04-15 09:52:57.692977
0,1,Bitcoin,BTC,bitcoin,10162,2010-07-13T00:00:00.000Z,"['mineable', 'pow', 'sha-256', 'store-of-value', 'state-channel', 'coinbase-ventures-portfolio', 'three-arrows-capital-portfolio', 'polychain-capital-portfolio', 'binance-labs-portfolio', 'blockchain-capital-portfolio', 'boostvc-portfolio', 'cms-holdings-portfolio', 'dcg-portfolio', 'dragonfly-capital-portfolio', 'electric-capital-portfolio', 'fabric-ventures-portfolio', 'framework-ventures-portfolio', 'galaxy-digital-portfolio', 'huobi-capital-portfolio', 'alameda-research-portfolio', 'a16z-portfolio', '1confirmation-portfolio', 'winklevoss-capital-portfolio', 'usv-portfolio', 'placeholder-ventures-portfolio', 'pantera-capital-portfolio', 'multicoin-capital-portfolio', 'paradigm-portfolio', 'btc-ecosystem']",21000000.0,19346768.0,19346768.0,False,,1,,,,2023-04-15T09:52:00.000Z,30483.883504579564,17725634570.678665,-15.4209,0.30706316,-0.99153935,8.62328024,23.18572127,39.98284854,47.64305288,589764621902.1278,46.1998,640161553596.17,,2023-04-15T09:52:00.000Z,,,,,,,2023-04-15 09:53:58.836151
1,1027,Ethereum,ETH,ethereum,6729,2015-08-07T00:00:00.000Z,"['pos', 'smart-contracts', 'ethereum-ecosystem', 'coinbase-ventures-portfolio', 'three-arrows-capital-portfolio', 'polychain-capital-portfolio', 'binance-labs-portfolio', 'blockchain-capital-portfolio', 'boostvc-portfolio', 'cms-holdings-portfolio', 'dcg-portfolio', 'dragonfly-capital-portfolio', 'electric-capital-portfolio', 'fabric-ventures-portfolio', 'framework-ventures-portfolio', 'hashkey-capital-portfolio', 'kenetic-capital-portfolio', 'huobi-capital-portfolio', 'alameda-research-portfolio', 'a16z-portfolio', '1confirmation-portfolio', 'winklevoss-capital-portfolio', 'usv-portfolio', 'placeholder-ventures-portfolio', 'pantera-capital-portfolio', 'multicoin-capital-portfolio', 'paradigm-portfolio', 'injective-ecosystem', 'layer-1']",,120109686.10816336,120109686.10816336,False,,2,,,,2023-04-15T09:52:00.000Z,2111.0664643188425,12029876007.758095,-19.3717,0.7407992,-0.09854056,12.69371879,27.2955603,40.16783069,38.40844718,253559530382.8064,19.8647,253559530382.81,,2023-04-15T09:52:00.000Z,,,,,,,2023-04-15 09:53:58.836151
2,825,Tether,USDT,tether,51276,2015-02-25T00:00:00.000Z,"['payments', 'stablecoin', 'asset-backed-stablecoin', 'avalanche-ecosystem', 'solana-ecosystem', 'arbitrum-ecosytem', 'moonriver-ecosystem', 'injective-ecosystem', 'bnb-chain', 'usd-stablecoin', 'optimism-ecosystem']",,80765305448.28091,83091735571.84532,False,,3,,,,2023-04-15T09:52:00.000Z,1.000634952875963,33849186858.120922,-11.0678,-0.00393698,0.00950013,0.03820061,-0.23597505,-0.04579139,0.04864065,80816587611.25334,6.3314,83144494908.32,,2023-04-15T09:52:00.000Z,1027.0,Ethereum,ETH,ethereum,0xdac17f958d2ee523a2206206994597c13d831ec7,,2023-04-15 09:53:58.836151
3,1839,BNB,BNB,bnb,1262,2017-07-25T00:00:00.000Z,"['marketplace', 'centralized-exchange', 'payments', 'smart-contracts', 'alameda-research-portfolio', 'multicoin-capital-portfolio', 'bnb-chain', 'layer-1']",,155865959.49186018,155865959.49186018,False,,4,,,,2023-04-15T09:52:00.000Z,333.47011183930533,764877282.2407898,-11.2735,0.74802384,0.12542894,6.76470732,4.60662994,13.81219021,13.09733389,51976638943.691246,4.0717,51976638943.69,,2023-04-15T09:52:00.000Z,,,,,,,2023-04-15 09:53:58.836151
4,3408,USD Coin,USDC,usd-coin,11800,2018-10-08T00:00:00.000Z,"['medium-of-exchange', 'stablecoin', 'asset-backed-stablecoin', 'fantom-ecosystem', 'arbitrum-ecosytem', 'moonriver-ecosystem', 'bnb-chain', 'usd-stablecoin', 'optimism-ecosystem']",,31831761945.83679,31831761945.83679,False,,5,,,,2023-04-15T09:52:00.000Z,0.9998899434962901,5305271480.847964,-3.2566,0.00172098,0.02472439,0.01409783,0.00488023,-0.01440652,-0.00794112,31828258653.410103,2.4933,31828258653.41,,2023-04-15T09:52:00.000Z,1027.0,Ethereum,ETH,ethereum,0xa0b86991c6218b36c1d19d4a2e9eb0ce3606eb48,,2023-04-15 09:53:58.836151
5,52,XRP,XRP,xrp,932,2013-08-04T00:00:00.000Z,"['medium-of-exchange', 'enterprise-solutions', 'arrington-xrp-capital-portfolio', 'galaxy-digital-portfolio', 'a16z-portfolio', 'pantera-capital-portfolio']",100000000000.0,51750810378.0,99988998998.0,False,,6,,,,2023-04-15T09:52:00.000Z,0.5227602984540686,1052786377.042536,-25.2334,0.29102948,-1.63608875,2.3397357,43.64050462,41.64563616,36.53625514,27053269078.443188,2.1193,52276029845.41,,2023-04-15T09:52:00.000Z,,,,,,,2023-04-15 09:53:58.836151
6,2010,Cardano,ADA,cardano,766,2017-10-01T00:00:00.000Z,"['dpos', 'pos', 'platform', 'research', 'smart-contracts', 'staking', 'cardano-ecosystem', 'cardano', 'layer-1']",45000000000.0,34777541113.971,35677745726.912,False,,7,,,,2023-04-15T09:52:00.000Z,0.4488609361292534,578148246.5372539,-17.076,0.35519328,2.66050577,15.14549196,37.24634387,24.45997597,30.7907939,15610279660.69062,1.223,20198742125.82,,2023-04-15T09:52:00.000Z,,,,,,,2023-04-15 09:53:58.836151
7,74,Dogecoin,DOGE,dogecoin,684,2013-12-15T00:00:00.000Z,"['mineable', 'pow', 'scrypt', 'medium-of-exchange', 'memes', 'payments', 'doggone-doggerel', 'bnb-chain']",,138946096383.7052,138946096383.7052,False,,8,,,,2023-04-15T09:52:00.000Z,0.08966542396535869,741951848.4987288,-31.7948,0.91750137,-0.27630862,7.82002956,26.73785972,9.80184991,7.13877249,12458660640.576519,0.976,12458660640.58,,2023-04-15T09:52:00.000Z,,,,,,,2023-04-15 09:53:58.836151
8,3890,Polygon,MATIC,polygon,654,2019-04-28T00:00:00.000Z,"['platform', 'enterprise-solutions', 'zero-knowledge-proofs', 'scaling', 'state-channel', 'coinbase-ventures-portfolio', 'layer-2', 'binance-launchpad', 'binance-labs-portfolio', 'polygon-ecosystem', 'moonriver-ecosystem', 'injective-ecosystem']",10000000000.0,9219469069.28493,10000000000.0,False,,9,,,,2023-04-15T09:52:00.000Z,1.16181275324242,403259042.141476,-19.0342,0.89229866,-1.41636565,4.00032734,2.04053346,-1.42952699,20.82056138,10711296742.819256,0.8391,11618127532.42,,2023-04-15T09:52:00.000Z,,,,,,,2023-04-15 09:53:58.836151
9,5426,Solana,SOL,solana,455,2020-04-10T00:00:00.000Z,"['pos', 'platform', 'solana-ecosystem', 'cms-holdings-portfolio', 'kenetic-capital-portfolio', 'alameda-research-portfolio', 'multicoin-capital-portfolio', 'okex-blockdream-ventures-portfolio', 'layer-1']",,391874958.00938195,539312704.8875339,False,,10,,,,2023-04-15T09:52:00.000Z,24.433258126458867,592672395.2085801,-35.2401,0.62956523,-2.52404012,18.51027599,24.57787915,15.4101101,8.90911817,9574782002.338459,0.7501,13177166529.4,,2023-04-15T09:52:00.000Z,,,,,,,2023-04-15 09:53:58.836151
10,6636,Polkadot,DOT,polkadot-new,497,2020-08-19T00:00:00.000Z,"['substrate', 'polkadot', 'binance-chain', 'polkadot-ecosystem', 'three-arrows-capital-portfolio', 'polychain-capital-portfolio', 'arrington-xrp-capital-portfolio', 'blockchain-capital-portfolio', 'boostvc-portfolio', 'cms-holdings-portfolio', 'coinfund-portfolio', 'fabric-ventures-portfolio', 'fenbushi-capital-portfolio', 'hashkey-capital-portfolio', 'kenetic-capital-portfolio', '1confirmation-portfolio', 'placeholder-ventures-portfolio', 'pantera-capital-portfolio', 'exnetwork-capital-portfolio', 'web3', 'spartan-group', 'injective-ecosystem', 'bnb-chain', 'layer-1']",,1176237934.3380146,1302716811.6431944,False,,11,,,,2023-04-15T09:52:00.000Z,6.782444082031445,241577597.8945541,-11.5331,1.03653226,0.44583167,9.45824973,12.37325268,11.03135126,14.927417,7977768016.811758,0.625,8835603929.69,,2023-04-15T09:52:00.000Z,,,,,,,2023-04-15 09:53:58.836151
11,2,Litecoin,LTC,litecoin,903,2013-04-28T00:00:00.000Z,"['mineable', 'pow', 'scrypt', 'medium-of-exchange']",84000000.0,72708701.8210035,84000000.0,False,,12,,,,2023-04-15T09:52:00.000Z,96.50131579012138,595101521.0673175,-20.5465,0.43282342,-0.90508862,6.17083125,21.94996325,5.46026509,11.73652082,7016485395.118432,0.5496,8106110526.37,,2023-04-15T09:52:00.000Z,,,,,,,2023-04-15 09:53:58.836151
12,4687,Binance USD,BUSD,binance-usd,6608,2019-09-20T00:00:00.000Z,"['stablecoin', 'asset-backed-stablecoin', 'binance-chain', 'harmony-ecosystem', 'moonriver-ecosystem', 'usd-stablecoin', 'optimism-ecosystem']",,6681120001.193376,6681120001.193376,False,,13,,,,2023-04-15T09:52:00.000Z,1.0007231864497244,3591734925.457738,-6.0308,0.0486059,0.03037191,0.08797058,0.0605423,0.11830011,0.08972271,6685951696.647221,0.5238,6685951696.65,,2023-04-15T09:52:00.000Z,1839.0,BNB,BNB,bnb,BUSD-BD1,,2023-04-15 09:53:58.836151
13,5994,Shiba Inu,SHIB,shiba-inu,504,2020-08-01T00:00:00.000Z,"['memes', 'ethereum-ecosystem', 'doggone-doggerel']",,589536819759861.4,589605111470794.8,False,,14,,,,2023-04-15T09:52:00.000Z,1.1224973999890864e-05,230053220.9059012,-10.6089,0.28216895,-0.3393357,2.21402538,7.27407483,-9.5764189,12.77260299,6617535473.78279,0.5185,6618302046.46,,2023-04-15T09:52:00.000Z,1027.0,Ethereum,ETH,ethereum,0x95ad61b0a150d79219dcf64e1e6cc01f0b64c4ce,,2023-04-15 09:53:58.836151
14,5805,Avalanche,AVAX,avalanche,402,2020-07-13T00:00:00.000Z,"['defi', 'smart-contracts', 'three-arrows-capital-portfolio', 'polychain-capital-portfolio', 'avalanche-ecosystem', 'cms-holdings-portfolio', 'dragonfly-capital-portfolio', 'moonriver-ecosystem', 'injective-ecosystem', 'layer-1']",720000000.0,326194589.73311615,422257309.73311615,False,,15,,,,2023-04-15T09:52:00.000Z,19.28624185799507,222405589.35420424,-11.0177,0.75964872,0.9636721,9.00493412,22.190738,9.82459537,18.97196091,6291067750.362353,0.4929,13886094137.76,,2023-04-15T09:52:00.000Z,,,,,,,2023-04-15 09:53:58.836151
0,1,Bitcoin,BTC,bitcoin,10162,2010-07-13T00:00:00.000Z,"['mineable', 'pow', 'sha-256', 'store-of-value', 'state-channel', 'coinbase-ventures-portfolio', 'three-arrows-capital-portfolio', 'polychain-capital-portfolio', 'binance-labs-portfolio', 'blockchain-capital-portfolio', 'boostvc-portfolio', 'cms-holdings-portfolio', 'dcg-portfolio', 'dragonfly-capital-portfolio', 'electric-capital-portfolio', 'fabric-ventures-portfolio', 'framework-ventures-portfolio', 'galaxy-digital-portfolio', 'huobi-capital-portfolio', 'alameda-research-portfolio', 'a16z-portfolio', '1confirmation-portfolio', 'winklevoss-capital-portfolio', 'usv-portfolio', 'placeholder-ventures-portfolio', 'pantera-capital-portfolio', 'multicoin-capital-portfolio', 'paradigm-portfolio', 'btc-ecosystem']",21000000.0,19346768.0,19346768.0,False,,1,,,,2023-04-15T09:53:00.000Z,30476.68828968247,17732364420.05187,-15.3791,0.23529177,-1.04498644,8.60283306,23.01064043,39.80533465,47.59960324,589625417748.8036,46.1889,640010454083.33,,2023-04-15T09:53:00.000Z,,,,,,,2023-04-15 09:54:59.933904
1,1027,Ethereum,ETH,ethereum,6729,2015-08-07T00:00:00.000Z,"['pos', 'smart-contracts', 'ethereum-ecosystem', 'coinbase-ventures-portfolio', 'three-arrows-capital-portfolio', 'polychain-capital-portfolio', 'binance-labs-portfolio', 'blockchain-capital-portfolio', 'boostvc-portfolio', 'cms-holdings-portfolio', 'dcg-portfolio', 'dragonfly-capital-portfolio', 'electric-capital-portfolio', 'fabric-ventures-portfolio', 'framework-ventures-portfolio', 'hashkey-capital-portfolio', 'kenetic-capital-portfolio', 'huobi-capital-portfolio', 'alameda-research-portfolio', 'a16z-portfolio', '1confirmation-portfolio', 'winklevoss-capital-portfolio', 'usv-portfolio', 'placeholder-ventures-portfolio', 'pantera-capital-portfolio', 'multicoin-capital-portfolio', 'paradigm-portfolio', 'injective-ecosystem', 'layer-1']",,120109686.10816336,120109686.10816336,False,,2,,,,2023-04-15T09:53:00.000Z,2109.39553581441,12038858495.307856,-19.2847,0.57452423,-0.26025837,12.60636775,27.06528941,39.81771364,38.29947388,253358835684.62982,19.849,253358835684.63,,2023-04-15T09:53:00.000Z,,,,,,,2023-04-15 09:54:59.933904
2,825,Tether,USDT,tether,51276,2015-02-25T00:00:00.000Z,"['payments', 'stablecoin', 'asset-backed-stablecoin', 'avalanche-ecosystem', 'solana-ecosystem', 'arbitrum-ecosytem', 'moonriver-ecosystem', 'injective-ecosystem', 'bnb-chain', 'usd-stablecoin', 'optimism-ecosystem']",,80765305448.28091,83091735571.84532,False,,3,,,,2023-04-15T09:53:00.000Z,1.0006324173582846,33852848296.469242,-11.0371,-0.01486696,0.02186964,0.03967808,-0.24050284,-0.04595044,0.04844466,80816382829.39355,6.3314,83144284227.75,,2023-04-15T09:53:00.000Z,1027.0,Ethereum,ETH,ethereum,0xdac17f958d2ee523a2206206994597c13d831ec7,,2023-04-15 09:54:59.933904
3,1839,BNB,BNB,bnb,1262,2017-07-25T00:00:00.000Z,"['marketplace', 'centralized-exchange', 'payments', 'smart-contracts', 'alameda-research-portfolio', 'multicoin-capital-portfolio', 'bnb-chain', 'layer-1']",,155865959.49186018,155865959.49186018,False,,4,,,,2023-04-15T09:53:00.000Z,333.4612351198387,765549922.8575999,-11.181,0.7370585,0.12053135,6.76887257,4.57124348,13.66218831,13.0666658,51975255365.29444,4.0716,51975255365.29,,2023-04-15T09:53:00.000Z,,,,,,,2023-04-15 09:54:59.933904
4,3408,USD Coin,USDC,usd-coin,11800,2018-10-08T00:00:00.000Z,"['medium-of-exchange', 'stablecoin', 'asset-backed-stablecoin', 'fantom-ecosystem', 'arbitrum-ecosytem', 'moonriver-ecosystem', 'bnb-chain', 'usd-stablecoin', 'optimism-ecosystem']",,31831761945.83679,31831761945.83679,False,,5,,,,2023-04-15T09:53:00.000Z,0.999902711142818,5306147792.383428,-3.1316,-0.01075691,0.04242618,0.01572797,-0.01314997,-0.01921599,-0.00599293,31828665070.09499,2.4934,31828665070.09,,2023-04-15T09:53:00.000Z,1027.0,Ethereum,ETH,ethereum,0xa0b86991c6218b36c1d19d4a2e9eb0ce3606eb48,,2023-04-15 09:54:59.933904
5,52,XRP,XRP,xrp,932,2013-08-04T00:00:00.000Z,"['medium-of-exchange', 'enterprise-solutions', 'arrington-xrp-capital-portfolio', 'galaxy-digital-portfolio', 'a16z-portfolio', 'pantera-capital-portfolio']",100000000000.0,51750810378.0,99988998998.0,False,,6,,,,2023-04-15T09:53:00.000Z,0.5227623949291871,1052607247.6480358,-25.2365,0.29670248,-1.64631746,2.27202508,43.64824052,41.59647903,36.53375567,27053377572.729507,2.1193,52276239492.92,,2023-04-15T09:53:00.000Z,,,,,,,2023-04-15 09:54:59.933904
6,2010,Cardano,ADA,cardano,766,2017-10-01T00:00:00.000Z,"['dpos', 'pos', 'platform', 'research', 'smart-contracts', 'staking', 'cardano-ecosystem', 'cardano', 'layer-1']",45000000000.0,34777541113.971,35677745726.912,False,,7,,,,2023-04-15T09:53:00.000Z,0.4489188800873813,578395735.7009909,-17.0338,0.36387555,2.65976381,15.13868335,37.25335914,24.35209122,30.80571457,15612294809.076721,1.2231,20201349603.93,,2023-04-15T09:53:00.000Z,,,,,,,2023-04-15 09:54:59.933904
7,74,Dogecoin,DOGE,dogecoin,684,2013-12-15T00:00:00.000Z,"['mineable', 'pow', 'scrypt', 'medium-of-exchange', 'memes', 'payments', 'doggone-doggerel', 'bnb-chain']",,138946096383.7052,138946096383.7052,False,,8,,,,2023-04-15T09:53:00.000Z,0.08966995337415971,742151653.4868971,-31.7059,0.90783342,-0.2777603,7.84324217,26.73305898,9.69261419,7.13468748,12459289984.248346,0.976,12459289984.25,,2023-04-15T09:53:00.000Z,,,,,,,2023-04-15 09:54:59.933904
8,3890,Polygon,MATIC,polygon,654,2019-04-28T00:00:00.000Z,"['platform', 'enterprise-solutions', 'zero-knowledge-proofs', 'scaling', 'state-channel', 'coinbase-ventures-portfolio', 'layer-2', 'binance-launchpad', 'binance-labs-portfolio', 'polygon-ecosystem', 'moonriver-ecosystem', 'injective-ecosystem']",10000000000.0,9219469069.28493,10000000000.0,False,,9,,,,2023-04-15T09:53:00.000Z,1.1619110100196908,403410652.74873537,-18.9919,0.89122457,-1.41964134,4.01132944,2.02939227,-1.53550668,20.81090591,10712202618.138151,0.8392,11619110100.2,,2023-04-15T09:53:00.000Z,,,,,,,2023-04-15 09:54:59.933904
9,5426,Solana,SOL,solana,455,2020-04-10T00:00:00.000Z,"['pos', 'platform', 'solana-ecosystem', 'cms-holdings-portfolio', 'kenetic-capital-portfolio', 'alameda-research-portfolio', 'multicoin-capital-portfolio', 'okex-blockdream-ventures-portfolio', 'layer-1']",,391874958.00938195,539312704.8875339,False,,10,,,,2023-04-15T09:53:00.000Z,24.435267817211596,593065230.5779859,-35.2,0.62621016,-2.55514952,18.54195318,24.57356523,15.1635139,8.90951015,9575569549.817797,0.7502,13178250381.15,,2023-04-15T09:53:00.000Z,,,,,,,2023-04-15 09:54:59.933904
10,6636,Polkadot,DOT,polkadot-new,497,2020-08-19T00:00:00.000Z,"['substrate', 'polkadot', 'binance-chain', 'polkadot-ecosystem', 'three-arrows-capital-portfolio', 'polychain-capital-portfolio', 'arrington-xrp-capital-portfolio', 'blockchain-capital-portfolio', 'boostvc-portfolio', 'cms-holdings-portfolio', 'coinfund-portfolio', 'fabric-ventures-portfolio', 'fenbushi-capital-portfolio', 'hashkey-capital-portfolio', 'kenetic-capital-portfolio', '1confirmation-portfolio', 'placeholder-ventures-portfolio', 'pantera-capital-portfolio', 'exnetwork-capital-portfolio', 'web3', 'spartan-group', 'injective-ecosystem', 'bnb-chain', 'layer-1']",,1176237934.3380146,1302716811.6431944,False,,11,,,,2023-04-15T09:53:00.000Z,6.7831837159730926,241807028.57826382,-11.4296,1.04322719,0.44697579,9.47757165,12.36626327,10.90517377,14.95161298,7978638002.311448,0.625,8836567463.26,,2023-04-15T09:53:00.000Z,,,,,,,2023-04-15 09:54:59.933904
11,2,Litecoin,LTC,litecoin,903,2013-04-28T00:00:00.000Z,"['mineable', 'pow', 'scrypt', 'medium-of-exchange']",84000000.0,72708701.8210035,84000000.0,False,,12,,,,2023-04-15T09:53:00.000Z,96.50094686032318,595216786.9648509,-20.513,0.42385047,-0.90526424,6.1831412,21.94303248,5.37276676,11.71299433,7016458570.711741,0.5496,8106079536.27,,2023-04-15T09:53:00.000Z,,,,,,,2023-04-15 09:54:59.933904
12,4687,Binance USD,BUSD,binance-usd,6608,2019-09-20T00:00:00.000Z,"['stablecoin', 'asset-backed-stablecoin', 'binance-chain', 'harmony-ecosystem', 'moonriver-ecosystem', 'usd-stablecoin', 'optimism-ecosystem']",,6681120001.193376,6681120001.193376,False,,13,,,,2023-04-15T09:53:00.000Z,1.0006954497826213,3592688392.0543914,-5.9982,0.03941833,0.0374273,0.09116861,0.06066683,0.10513943,0.08564913,6685766384.645872,0.5237,6685766384.65,,2023-04-15T09:53:00.000Z,1839.0,BNB,BNB,bnb,BUSD-BD1,,2023-04-15 09:54:59.933904
13,5994,Shiba Inu,SHIB,shiba-inu,504,2020-08-01T00:00:00.000Z,"['memes', 'ethereum-ecosystem', 'doggone-doggerel']",,589536819759861.4,589605111470794.8,False,,14,,,,2023-04-15T09:53:00.000Z,1.1225449340463035e-05,230042126.2452651,-10.6328,0.28340269,-0.34458916,2.22289793,7.24343952,-9.71080088,12.76909401,6617815704.552011,0.5181,6618582309.69,,2023-04-15T09:53:00.000Z,1027.0,Ethereum,ETH,ethereum,0x95ad61b0a150d79219dcf64e1e6cc01f0b64c4ce,,2023-04-15 09:54:59.933904
14,5805,Avalanche,AVAX,avalanche,402,2020-07-13T00:00:00.000Z,"['defi', 'smart-contracts', 'three-arrows-capital-portfolio', 'polychain-capital-portfolio', 'avalanche-ecosystem', 'cms-holdings-portfolio', 'dragonfly-capital-portfolio', 'moonriver-ecosystem', 'injective-ecosystem', 'layer-1']",720000000.0,326194589.73311615,422257309.73311615,False,,15,,,,2023-04-15T09:53:00.000Z,19.28497812307138,222411874.16283968,-10.9874,0.75028883,0.9455273,9.05089644,22.17763545,9.65902413,18.96216576,6290655526.867389,0.4928,13885184248.61,,2023-04-15T09:53:00.000Z,,,,,,,2023-04-15 09:54:59.933904
0,1,Bitcoin,BTC,bitcoin,10162,2010-07-13T00:00:00.000Z,"['mineable', 'pow', 'sha-256', 'store-of-value', 'state-channel', 'coinbase-ventures-portfolio', 'three-arrows-capital-portfolio', 'polychain-capital-portfolio', 'binance-labs-portfolio', 'blockchain-capital-portfolio', 'boostvc-portfolio', 'cms-holdings-portfolio', 'dcg-portfolio', 'dragonfly-capital-portfolio', 'electric-capital-portfolio', 'fabric-ventures-portfolio', 'framework-ventures-portfolio', 'galaxy-digital-portfolio', 'huobi-capital-portfolio', 'alameda-research-portfolio', 'a16z-portfolio', '1confirmation-portfolio', 'winklevoss-capital-portfolio', 'usv-portfolio', 'placeholder-ventures-portfolio', 'pantera-capital-portfolio', 'multicoin-capital-portfolio', 'paradigm-portfolio', 'btc-ecosystem']",21000000.0,19346918.0,19346918.0,False,,1,,,,2023-04-15T10:12:00.000Z,30468.957034460313,17660781710.48034,-15.7086,0.11020059,-1.19670281,8.65861692,22.86951582,39.48105388,47.05139476,589480413291.2268,46.1467,639848097723.67,,2023-04-15T10:12:00.000Z,,,,,,2023-04-15 10:13:55.396035,
1,1027,Ethereum,ETH,ethereum,6729,2015-08-07T00:00:00.000Z,"['pos', 'smart-contracts', 'ethereum-ecosystem', 'coinbase-ventures-portfolio', 'three-arrows-capital-portfolio', 'polychain-capital-portfolio', 'binance-labs-portfolio', 'blockchain-capital-portfolio', 'boostvc-portfolio', 'cms-holdings-portfolio', 'dcg-portfolio', 'dragonfly-capital-portfolio', 'electric-capital-portfolio', 'fabric-ventures-portfolio', 'framework-ventures-portfolio', 'hashkey-capital-portfolio', 'kenetic-capital-portfolio', 'huobi-capital-portfolio', 'alameda-research-portfolio', 'a16z-portfolio', '1confirmation-portfolio', 'winklevoss-capital-portfolio', 'usv-portfolio', 'placeholder-ventures-portfolio', 'pantera-capital-portfolio', 'multicoin-capital-portfolio', 'paradigm-portfolio', 'injective-ecosystem', 'layer-1']",,120109686.10816336,120109686.10816336,False,,2,,,,2023-04-15T10:12:00.000Z,2106.613209950453,12038356750.152428,-18.6444,0.15780944,-0.34852403,12.64349209,26.87451638,39.13448202,37.74618416,253024651398.45935,19.8075,253024651398.46,,2023-04-15T10:12:00.000Z,,,,,,2023-04-15 10:13:55.396035,
2,825,Tether,USDT,tether,51276,2015-02-25T00:00:00.000Z,"['payments', 'stablecoin', 'asset-backed-stablecoin', 'avalanche-ecosystem', 'solana-ecosystem', 'arbitrum-ecosytem', 'moonriver-ecosystem', 'injective-ecosystem', 'bnb-chain', 'usd-stablecoin', 'optimism-ecosystem']",,80765305448.28091,83091735571.84532,False,,3,,,,2023-04-15T10:12:00.000Z,1.0007108854828215,33723348542.17937,-11.177,-0.00234757,-0.01051245,0.02817155,-0.22781576,-0.03452497,0.05276753,80822720331.43974,6.327,83150804280.41,,2023-04-15T10:12:00.000Z,1027.0,Ethereum,ETH,ethereum,0xdac17f958d2ee523a2206206994597c13d831ec7,2023-04-15 10:13:55.396035,
3,1839,BNB,BNB,bnb,1262,2017-07-25T00:00:00.000Z,"['marketplace', 'centralized-exchange', 'payments', 'smart-contracts', 'alameda-research-portfolio', 'multicoin-capital-portfolio', 'bnb-chain', 'layer-1']",,155865943.42237124,155865943.42237124,False,,4,,,,2023-04-15T10:12:00.000Z,334.38162037117775,771186942.1551173,-10.4655,0.77217411,0.40897385,7.12839051,5.33366645,13.6166179,13.02331315,52118706722.25481,4.0803,52118706722.25,,2023-04-15T10:12:00.000Z,,,,,,2023-04-15 10:13:55.396035,
4,3408,USD Coin,USDC,usd-coin,11800,2018-10-08T00:00:00.000Z,"['medium-of-exchange', 'stablecoin', 'asset-backed-stablecoin', 'fantom-ecosystem', 'arbitrum-ecosytem', 'moonriver-ecosystem', 'bnb-chain', 'usd-stablecoin', 'optimism-ecosystem']",,31831761945.83679,31831761945.83679,False,,5,,,,2023-04-15T10:12:00.000Z,0.9998598794322159,5290013750.584545,-3.2336,-0.00444755,0.0058187,-0.00506817,-0.01356702,-0.02381322,-0.01074122,31827301661.27937,2.4917,31827301661.28,,2023-04-15T10:12:00.000Z,1027.0,Ethereum,ETH,ethereum,0xa0b86991c6218b36c1d19d4a2e9eb0ce3606eb48,2023-04-15 10:13:55.396035,
5,52,XRP,XRP,xrp,932,2013-08-04T00:00:00.000Z,"['medium-of-exchange', 'enterprise-solutions', 'arrington-xrp-capital-portfolio', 'galaxy-digital-portfolio', 'a16z-portfolio', 'pantera-capital-portfolio']",100000000000.0,51750810378.0,99988998998.0,False,,6,,,,2023-04-15T10:12:00.000Z,0.5230490989041728,1047187072.0463417,-25.3236,0.24060448,-1.57792004,2.27230632,43.74329833,41.4184903,36.27209218,27068214735.773617,2.1191,52304909890.42,,2023-04-15T10:12:00.000Z,,,,,,2023-04-15 10:13:55.396035,
6,2010,Cardano,ADA,cardano,766,2017-10-01T00:00:00.000Z,"['dpos', 'pos', 'platform', 'research', 'smart-contracts', 'staking', 'cardano-ecosystem', 'cardano', 'layer-1']",45000000000.0,34777539867.838,35677745726.912,False,,7,,,,2023-04-15T10:12:00.000Z,0.45238648747719057,590425691.0051861,-15.1413,0.66019772,3.27499952,16.01883514,38.26262043,25.08483729,31.69437443,15732889103.90919,1.2316,20357391936.47,,2023-04-15T10:12:00.000Z,,,,,,2023-04-15 10:13:55.396035,
7,74,Dogecoin,DOGE,dogecoin,684,2013-12-15T00:00:00.000Z,"['mineable', 'pow', 'scrypt', 'medium-of-exchange', 'memes', 'payments', 'doggone-doggerel', 'bnb-chain']",,138947206383.70523,138947206383.70523,False,,8,,,,2023-04-15T10:12:00.000Z,0.08971441140544842,744308473.716155,-28.0697,0.67569848,-0.35473531,7.95228442,26.71278172,9.49733075,6.92571455,12465566837.14548,0.9759,12465566837.15,,2023-04-15T10:12:00.000Z,,,,,,2023-04-15 10:13:55.396035,
8,3890,Polygon,MATIC,polygon,654,2019-04-28T00:00:00.000Z,"['platform', 'enterprise-solutions', 'zero-knowledge-proofs', 'scaling', 'state-channel', 'coinbase-ventures-portfolio', 'layer-2', 'binance-launchpad', 'binance-labs-portfolio', 'polygon-ecosystem', 'moonriver-ecosystem', 'injective-ecosystem']",10000000000.0,9219469069.28493,10000000000.0,False,,9,,,,2023-04-15T10:12:00.000Z,1.1612190155565734,401633867.8973417,-19.2493,0.55929139,-1.67764053,4.06399395,1.69682838,-1.98558551,20.45392954,10705822796.589323,0.8381,11612190155.57,,2023-04-15T10:12:00.000Z,,,,,,2023-04-15 10:13:55.396035,
9,5426,Solana,SOL,solana,455,2020-04-10T00:00:00.000Z,"['pos', 'platform', 'solana-ecosystem', 'cms-holdings-portfolio', 'kenetic-capital-portfolio', 'alameda-research-portfolio', 'multicoin-capital-portfolio', 'okex-blockdream-ventures-portfolio', 'layer-1']",,391874884.7299089,539312704.8875339,False,,10,,,,2023-04-15T10:12:00.000Z,24.498582947571773,591530757.6167614,-35.0796,0.84344088,-2.32095025,19.01689143,24.91583423,14.40131292,8.44111621,9600379368.6258,0.7515,13212397035.37,,2023-04-15T10:12:00.000Z,,,,,,2023-04-15 10:13:55.396035,
10,6636,Polkadot,DOT,polkadot-new,497,2020-08-19T00:00:00.000Z,"['substrate', 'polkadot', 'binance-chain', 'polkadot-ecosystem', 'three-arrows-capital-portfolio', 'polychain-capital-portfolio', 'arrington-xrp-capital-portfolio', 'blockchain-capital-portfolio', 'boostvc-portfolio', 'cms-holdings-portfolio', 'coinfund-portfolio', 'fabric-ventures-portfolio', 'fenbushi-capital-portfolio', 'hashkey-capital-portfolio', 'kenetic-capital-portfolio', '1confirmation-portfolio', 'placeholder-ventures-portfolio', 'pantera-capital-portfolio', 'exnetwork-capital-portfolio', 'web3', 'spartan-group', 'injective-ecosystem', 'bnb-chain', 'layer-1']",,1176272716.5684533,1302751593.8736331,False,,11,,,,2023-04-15T10:12:00.000Z,6.775425489512148,242674463.7424581,-10.7998,0.64471482,0.10848178,9.44887578,11.92159887,10.56652356,14.85425346,7969748146.455597,0.6239,8826696355.63,,2023-04-15T10:12:00.000Z,,,,,,2023-04-15 10:13:55.396035,
11,2,Litecoin,LTC,litecoin,903,2013-04-28T00:00:00.000Z,"['mineable', 'pow', 'scrypt', 'medium-of-exchange']",84000000.0,72709351.8210035,84000000.0,False,,12,,,,2023-04-15T10:12:00.000Z,96.62702341652553,594904010.5608014,-20.3954,0.44910502,-0.7458919,6.43776741,22.04316666,5.25055712,11.64529529,7025688241.008498,0.55,8116669966.99,,2023-04-15T10:12:00.000Z,,,,,,2023-04-15 10:13:55.396035,
12,4687,Binance USD,BUSD,binance-usd,6608,2019-09-20T00:00:00.000Z,"['stablecoin', 'asset-backed-stablecoin', 'binance-chain', 'harmony-ecosystem', 'moonriver-ecosystem', 'usd-stablecoin', 'optimism-ecosystem']",,6681120001.193376,6681120001.193376,False,,13,,,,2023-04-15T10:12:00.000Z,1.0007669456219421,3577361310.9460135,-6.5137,-0.0006373,0.02293586,0.09563968,0.07798674,0.13444985,0.04508308,6686244056.92796,0.5235,6686244056.93,,2023-04-15T10:12:00.000Z,1839.0,BNB,BNB,bnb,BUSD-BD1,2023-04-15 10:13:55.396035,
13,5994,Shiba Inu,SHIB,shiba-inu,504,2020-08-01T00:00:00.000Z,"['memes', 'ethereum-ecosystem', 'doggone-doggerel']",,589536806599287.5,589605111470794.8,False,,14,,,,2023-04-15T10:12:00.000Z,1.1231931620750455e-05,228154307.9030914,-10.4802,0.17799058,-0.58961405,2.30536931,6.97566258,-9.83764554,12.62249901,6621637099.6387825,0.5184,6622404295.28,,2023-04-15T10:12:00.000Z,1027.0,Ethereum,ETH,ethereum,0x95ad61b0a150d79219dcf64e1e6cc01f0b64c4ce,2023-04-15 10:13:55.396035,
14,5805,Avalanche,AVAX,avalanche,402,2020-07-13T00:00:00.000Z,"['defi', 'smart-contracts', 'three-arrows-capital-portfolio', 'polychain-capital-portfolio', 'avalanche-ecosystem', 'cms-holdings-portfolio', 'dragonfly-capital-portfolio', 'moonriver-ecosystem', 'injective-ecosystem', 'layer-1']",720000000.0,326194774.1917878,422257494.1917878,False,,15,,,,2023-04-15T10:12:00.000Z,19.283874790444674,221760452.9236918,-8.3982,0.31383826,0.83161433,9.11849796,22.07497393,9.21906234,18.85829404,6290299182.81181,0.4924,13884389849.12,,2023-04-15T10:12:00.000Z,,,,,,2023-04-15 10:13:55.396035,
0,1,Bitcoin,BTC,bitcoin,10162,2010-07-13T00:00:00.000Z,"['mineable', 'pow', 'sha-256', 'store-of-value', 'state-channel', 'coinbase-ventures-portfolio', 'three-arrows-capital-portfolio', 'polychain-capital-portfolio', 'binance-labs-portfolio', 'blockchain-capital-portfolio', 'boostvc-portfolio', 'cms-holdings-portfolio', 'dcg-portfolio', 'dragonfly-capital-portfolio', 'electric-capital-portfolio', 'fabric-ventures-portfolio', 'framework-ventures-portfolio', 'galaxy-digital-portfolio', 'huobi-capital-portfolio', 'alameda-research-portfolio', 'a16z-portfolio', '1confirmation-portfolio', 'winklevoss-capital-portfolio', 'usv-portfolio', 'placeholder-ventures-portfolio', 'pantera-capital-portfolio', 'multicoin-capital-portfolio', 'paradigm-portfolio', 'btc-ecosystem']",21000000.0,19346918.0,19346918.0,False,,1,,,,2023-04-15T10:12:00.000Z,30468.957034460313,17660781710.48034,-15.7086,0.11020059,-1.19670281,8.65861692,22.86951582,39.48105388,47.05139476,589480413291.2268,46.1467,639848097723.67,,2023-04-15T10:12:00.000Z,,,,,,,2023-04-15 10:14:07.009513
1,1027,Ethereum,ETH,ethereum,6729,2015-08-07T00:00:00.000Z,"['pos', 'smart-contracts', 'ethereum-ecosystem', 'coinbase-ventures-portfolio', 'three-arrows-capital-portfolio', 'polychain-capital-portfolio', 'binance-labs-portfolio', 'blockchain-capital-portfolio', 'boostvc-portfolio', 'cms-holdings-portfolio', 'dcg-portfolio', 'dragonfly-capital-portfolio', 'electric-capital-portfolio', 'fabric-ventures-portfolio', 'framework-ventures-portfolio', 'hashkey-capital-portfolio', 'kenetic-capital-portfolio', 'huobi-capital-portfolio', 'alameda-research-portfolio', 'a16z-portfolio', '1confirmation-portfolio', 'winklevoss-capital-portfolio', 'usv-portfolio', 'placeholder-ventures-portfolio', 'pantera-capital-portfolio', 'multicoin-capital-portfolio', 'paradigm-portfolio', 'injective-ecosystem', 'layer-1']",,120109686.10816336,120109686.10816336,False,,2,,,,2023-04-15T10:12:00.000Z,2106.613209950453,12038356750.152428,-18.6444,0.15780944,-0.34852403,12.64349209,26.87451638,39.13448202,37.74618416,253024651398.45935,19.8075,253024651398.46,,2023-04-15T10:12:00.000Z,,,,,,,2023-04-15 10:14:07.009513
2,825,Tether,USDT,tether,51276,2015-02-25T00:00:00.000Z,"['payments', 'stablecoin', 'asset-backed-stablecoin', 'avalanche-ecosystem', 'solana-ecosystem', 'arbitrum-ecosytem', 'moonriver-ecosystem', 'injective-ecosystem', 'bnb-chain', 'usd-stablecoin', 'optimism-ecosystem']",,80765305448.28091,83091735571.84532,False,,3,,,,2023-04-15T10:12:00.000Z,1.0007108854828215,33723348542.17937,-11.177,-0.00234757,-0.01051245,0.02817155,-0.22781576,-0.03452497,0.05276753,80822720331.43974,6.327,83150804280.41,,2023-04-15T10:12:00.000Z,1027.0,Ethereum,ETH,ethereum,0xdac17f958d2ee523a2206206994597c13d831ec7,,2023-04-15 10:14:07.009513
3,1839,BNB,BNB,bnb,1262,2017-07-25T00:00:00.000Z,"['marketplace', 'centralized-exchange', 'payments', 'smart-contracts', 'alameda-research-portfolio', 'multicoin-capital-portfolio', 'bnb-chain', 'layer-1']",,155865943.42237124,155865943.42237124,False,,4,,,,2023-04-15T10:12:00.000Z,334.38162037117775,771186942.1551173,-10.4655,0.77217411,0.40897385,7.12839051,5.33366645,13.6166179,13.02331315,52118706722.25481,4.0803,52118706722.25,,2023-04-15T10:12:00.000Z,,,,,,,2023-04-15 10:14:07.009513
4,3408,USD Coin,USDC,usd-coin,11800,2018-10-08T00:00:00.000Z,"['medium-of-exchange', 'stablecoin', 'asset-backed-stablecoin', 'fantom-ecosystem', 'arbitrum-ecosytem', 'moonriver-ecosystem', 'bnb-chain', 'usd-stablecoin', 'optimism-ecosystem']",,31831761945.83679,31831761945.83679,False,,5,,,,2023-04-15T10:12:00.000Z,0.9998598794322159,5290013750.584545,-3.2336,-0.00444755,0.0058187,-0.00506817,-0.01356702,-0.02381322,-0.01074122,31827301661.27937,2.4917,31827301661.28,,2023-04-15T10:12:00.000Z,1027.0,Ethereum,ETH,ethereum,0xa0b86991c6218b36c1d19d4a2e9eb0ce3606eb48,,2023-04-15 10:14:07.009513
5,52,XRP,XRP,xrp,932,2013-08-04T00:00:00.000Z,"['medium-of-exchange', 'enterprise-solutions', 'arrington-xrp-capital-portfolio', 'galaxy-digital-portfolio', 'a16z-portfolio', 'pantera-capital-portfolio']",100000000000.0,51750810378.0,99988998998.0,False,,6,,,,2023-04-15T10:12:00.000Z,0.5230490989041728,1047187072.0463417,-25.3236,0.24060448,-1.57792004,2.27230632,43.74329833,41.4184903,36.27209218,27068214735.773617,2.1191,52304909890.42,,2023-04-15T10:12:00.000Z,,,,,,,2023-04-15 10:14:07.009513
6,2010,Cardano,ADA,cardano,766,2017-10-01T00:00:00.000Z,"['dpos', 'pos', 'platform', 'research', 'smart-contracts', 'staking', 'cardano-ecosystem', 'cardano', 'layer-1']",45000000000.0,34777539867.838,35677745726.912,False,,7,,,,2023-04-15T10:12:00.000Z,0.45238648747719057,590425691.0051861,-15.1413,0.66019772,3.27499952,16.01883514,38.26262043,25.08483729,31.69437443,15732889103.90919,1.2316,20357391936.47,,2023-04-15T10:12:00.000Z,,,,,,,2023-04-15 10:14:07.009513
7,74,Dogecoin,DOGE,dogecoin,684,2013-12-15T00:00:00.000Z,"['mineable', 'pow', 'scrypt', 'medium-of-exchange', 'memes', 'payments', 'doggone-doggerel', 'bnb-chain']",,138947206383.70523,138947206383.70523,False,,8,,,,2023-04-15T10:12:00.000Z,0.08971441140544842,744308473.716155,-28.0697,0.67569848,-0.35473531,7.95228442,26.71278172,9.49733075,6.92571455,12465566837.14548,0.9759,12465566837.15,,2023-04-15T10:12:00.000Z,,,,,,,2023-04-15 10:14:07.009513
8,3890,Polygon,MATIC,polygon,654,2019-04-28T00:00:00.000Z,"['platform', 'enterprise-solutions', 'zero-knowledge-proofs', 'scaling', 'state-channel', 'coinbase-ventures-portfolio', 'layer-2', 'binance-launchpad', 'binance-labs-portfolio', 'polygon-ecosystem', 'moonriver-ecosystem', 'injective-ecosystem']",10000000000.0,9219469069.28493,10000000000.0,False,,9,,,,2023-04-15T10:12:00.000Z,1.1612190155565734,401633867.8973417,-19.2493,0.55929139,-1.67764053,4.06399395,1.69682838,-1.98558551,20.45392954,10705822796.589323,0.8381,11612190155.57,,2023-04-15T10:12:00.000Z,,,,,,,2023-04-15 10:14:07.009513
9,5426,Solana,SOL,solana,455,2020-04-10T00:00:00.000Z,"['pos', 'platform', 'solana-ecosystem', 'cms-holdings-portfolio', 'kenetic-capital-portfolio', 'alameda-research-portfolio', 'multicoin-capital-portfolio', 'okex-blockdream-ventures-portfolio', 'layer-1']",,391874884.7299089,539312704.8875339,False,,10,,,,2023-04-15T10:12:00.000Z,24.498582947571773,591530757.6167614,-35.0796,0.84344088,-2.32095025,19.01689143,24.91583423,14.40131292,8.44111621,9600379368.6258,0.7515,13212397035.37,,2023-04-15T10:12:00.000Z,,,,,,,2023-04-15 10:14:07.009513
10,6636,Polkadot,DOT,polkadot-new,497,2020-08-19T00:00:00.000Z,"['substrate', 'polkadot', 'binance-chain', 'polkadot-ecosystem', 'three-arrows-capital-portfolio', 'polychain-capital-portfolio', 'arrington-xrp-capital-portfolio', 'blockchain-capital-portfolio', 'boostvc-portfolio', 'cms-holdings-portfolio', 'coinfund-portfolio', 'fabric-ventures-portfolio', 'fenbushi-capital-portfolio', 'hashkey-capital-portfolio', 'kenetic-capital-portfolio', '1confirmation-portfolio', 'placeholder-ventures-portfolio', 'pantera-capital-portfolio', 'exnetwork-capital-portfolio', 'web3', 'spartan-group', 'injective-ecosystem', 'bnb-chain', 'layer-1']",,1176272716.5684533,1302751593.8736331,False,,11,,,,2023-04-15T10:12:00.000Z,6.775425489512148,242674463.7424581,-10.7998,0.64471482,0.10848178,9.44887578,11.92159887,10.56652356,14.85425346,7969748146.455597,0.6239,8826696355.63,,2023-04-15T10:12:00.000Z,,,,,,,2023-04-15 10:14:07.009513
11,2,Litecoin,LTC,litecoin,903,2013-04-28T00:00:00.000Z,"['mineable', 'pow', 'scrypt', 'medium-of-exchange']",84000000.0,72709351.8210035,84000000.0,False,,12,,,,2023-04-15T10:12:00.000Z,96.62702341652553,594904010.5608014,-20.3954,0.44910502,-0.7458919,6.43776741,22.04316666,5.25055712,11.64529529,7025688241.008498,0.55,8116669966.99,,2023-04-15T10:12:00.000Z,,,,,,,2023-04-15 10:14:07.009513
12,4687,Binance USD,BUSD,binance-usd,6608,2019-09-20T00:00:00.000Z,"['stablecoin', 'asset-backed-stablecoin', 'binance-chain', 'harmony-ecosystem', 'moonriver-ecosystem', 'usd-stablecoin', 'optimism-ecosystem']",,6681120001.193376,6681120001.193376,False,,13,,,,2023-04-15T10:12:00.000Z,1.0007669456219421,3577361310.9460135,-6.5137,-0.0006373,0.02293586,0.09563968,0.07798674,0.13444985,0.04508308,6686244056.92796,0.5235,6686244056.93,,2023-04-15T10:12:00.000Z,1839.0,BNB,BNB,bnb,BUSD-BD1,,2023-04-15 10:14:07.009513
13,5994,Shiba Inu,SHIB,shiba-inu,504,2020-08-01T00:00:00.000Z,"['memes', 'ethereum-ecosystem', 'doggone-doggerel']",,589536806599287.5,589605111470794.8,False,,14,,,,2023-04-15T10:12:00.000Z,1.1231931620750455e-05,228154307.9030914,-10.4802,0.17799058,-0.58961405,2.30536931,6.97566258,-9.83764554,12.62249901,6621637099.6387825,0.5184,6622404295.28,,2023-04-15T10:12:00.000Z,1027.0,Ethereum,ETH,ethereum,0x95ad61b0a150d79219dcf64e1e6cc01f0b64c4ce,,2023-04-15 10:14:07.009513
14,5805,Avalanche,AVAX,avalanche,402,2020-07-13T00:00:00.000Z,"['defi', 'smart-contracts', 'three-arrows-capital-portfolio', 'polychain-capital-portfolio', 'avalanche-ecosystem', 'cms-holdings-portfolio', 'dragonfly-capital-portfolio', 'moonriver-ecosystem', 'injective-ecosystem', 'layer-1']",720000000.0,326194774.1917878,422257494.1917878,False,,15,,,,2023-04-15T10:12:00.000Z,19.283874790444674,221760452.9236918,-8.3982,0.31383826,0.83161433,9.11849796,22.07497393,9.21906234,18.85829404,6290299182.81181,0.4924,13884389849.12,,2023-04-15T10:12:00.000Z,,,,,,,2023-04-15 10:14:07.009513
0,1,Bitcoin,BTC,bitcoin,10162,2010-07-13T00:00:00.000Z,"['mineable', 'pow', 'sha-256', 'store-of-value', 'state-channel', 'coinbase-ventures-portfolio', 'three-arrows-capital-portfolio', 'polychain-capital-portfolio', 'binance-labs-portfolio', 'blockchain-capital-portfolio', 'boostvc-portfolio', 'cms-holdings-portfolio', 'dcg-portfolio', 'dragonfly-capital-portfolio', 'electric-capital-portfolio', 'fabric-ventures-portfolio', 'framework-ventures-portfolio', 'galaxy-digital-portfolio', 'huobi-capital-portfolio', 'alameda-research-portfolio', 'a16z-portfolio', '1confirmation-portfolio', 'winklevoss-capital-portfolio', 'usv-portfolio', 'placeholder-ventures-portfolio', 'pantera-capital-portfolio', 'multicoin-capital-portfolio', 'paradigm-portfolio', 'btc-ecosystem']",21000000.0,19346918.0,19346918.0,False,,1,,,,2023-04-15T10:13:00.000Z,30462.05359369827,17660781710.48034,-15.7457,0.08637806,-1.22277557,8.63429827,22.8268703,39.46990624,47.02110461,589346852988.8857,46.1363,639703125467.66,,2023-04-15T10:13:00.000Z,,,,,,,2023-04-15 10:15:08.213404
1,1027,Ethereum,ETH,ethereum,6729,2015-08-07T00:00:00.000Z,"['pos', 'smart-contracts', 'ethereum-ecosystem', 'coinbase-ventures-portfolio', 'three-arrows-capital-portfolio', 'polychain-capital-portfolio', 'binance-labs-portfolio', 'blockchain-capital-portfolio', 'boostvc-portfolio', 'cms-holdings-portfolio', 'dcg-portfolio', 'dragonfly-capital-portfolio', 'electric-capital-portfolio', 'fabric-ventures-portfolio', 'framework-ventures-portfolio', 'hashkey-capital-portfolio', 'kenetic-capital-portfolio', 'huobi-capital-portfolio', 'alameda-research-portfolio', 'a16z-portfolio', '1confirmation-portfolio', 'winklevoss-capital-portfolio', 'usv-portfolio', 'placeholder-ventures-portfolio', 'pantera-capital-portfolio', 'multicoin-capital-portfolio', 'paradigm-portfolio', 'injective-ecosystem', 'layer-1']",,120109686.10816336,120109686.10816336,False,,2,,,,2023-04-15T10:13:00.000Z,2105.8000152785394,12038356750.152428,-18.5837,0.14155474,-0.40031733,12.59672189,26.83683677,39.10505973,37.68370582,252926978841.67096,19.7999,252926978841.67,,2023-04-15T10:13:00.000Z,,,,,,,2023-04-15 10:15:08.213404
2,825,Tether,USDT,tether,51276,2015-02-25T00:00:00.000Z,"['payments', 'stablecoin', 'asset-backed-stablecoin', 'avalanche-ecosystem', 'solana-ecosystem', 'arbitrum-ecosytem', 'moonriver-ecosystem', 'injective-ecosystem', 'bnb-chain', 'usd-stablecoin', 'optimism-ecosystem']",,80765305448.28091,83091735571.84532,False,,3,,,,2023-04-15T10:13:00.000Z,1.0007055128480962,33723348542.17937,-11.1385,-0.00444091,-0.00586528,0.03479388,-0.22794918,-0.03426789,0.05153596,80822286408.9551,6.327,83150357858.86,,2023-04-15T10:13:00.000Z,1027.0,Ethereum,ETH,ethereum,0xdac17f958d2ee523a2206206994597c13d831ec7,,2023-04-15 10:15:08.213404
3,1839,BNB,BNB,bnb,1262,2017-07-25T00:00:00.000Z,"['marketplace', 'centralized-exchange', 'payments', 'smart-contracts', 'alameda-research-portfolio', 'multicoin-capital-portfolio', 'bnb-chain', 'layer-1']",,155865943.42237124,155865943.42237124,False,,4,,,,2023-04-15T10:13:00.000Z,334.4192825531741,771186942.1551173,-10.5283,0.73411701,0.41631806,7.1337204,5.41225095,13.69214292,12.96276127,52124576973.78302,4.0807,52124576973.78,,2023-04-15T10:13:00.000Z,,,,,,,2023-04-15 10:15:08.213404
4,3408,USD Coin,USDC,usd-coin,11800,2018-10-08T00:00:00.000Z,"['medium-of-exchange', 'stablecoin', 'asset-backed-stablecoin', 'fantom-ecosystem', 'arbitrum-ecosytem', 'moonriver-ecosystem', 'bnb-chain', 'usd-stablecoin', 'optimism-ecosystem']",,31831761945.83679,31831761945.83679,False,,5,,,,2023-04-15T10:13:00.000Z,0.9999270782747348,5290013750.584545,-3.2413,0.00441499,0.01532463,0.01044698,0.00041584,-0.00453887,-0.00275611,31829440718.837467,2.4919,31829440718.84,,2023-04-15T10:13:00.000Z,1027.0,Ethereum,ETH,ethereum,0xa0b86991c6218b36c1d19d4a2e9eb0ce3606eb48,,2023-04-15 10:15:08.213404
5,52,XRP,XRP,xrp,932,2013-08-04T00:00:00.000Z,"['medium-of-exchange', 'enterprise-solutions', 'arrington-xrp-capital-portfolio', 'galaxy-digital-portfolio', 'a16z-portfolio', 'pantera-capital-portfolio']",100000000000.0,51750810378.0,99988998998.0,False,,6,,,,2023-04-15T10:13:00.000Z,0.5230495392517179,1047187072.0463417,-25.2653,0.20460969,-1.58443796,2.25973337,43.81724024,41.38917092,36.22628387,27068237524.11592,2.1191,52304953925.17,,2023-04-15T10:13:00.000Z,,,,,,,2023-04-15 10:15:08.213404
6,2010,Cardano,ADA,cardano,766,2017-10-01T00:00:00.000Z,"['dpos', 'pos', 'platform', 'research', 'smart-contracts', 'staking', 'cardano-ecosystem', 'cardano', 'layer-1']",45000000000.0,34777539867.838,35677745726.912,False,,7,,,,2023-04-15T10:13:00.000Z,0.45273688622645525,590425691.0051861,-15.114,0.70655293,3.3156077,16.12513883,38.53148799,25.1579752,31.74421848,15745075110.381384,1.2326,20373159880.19,,2023-04-15T10:13:00.000Z,,,,,,,2023-04-15 10:15:08.213404
7,74,Dogecoin,DOGE,dogecoin,684,2013-12-15T00:00:00.000Z,"['mineable', 'pow', 'scrypt', 'medium-of-exchange', 'memes', 'payments', 'doggone-doggerel', 'bnb-chain']",,138947206383.70523,138947206383.70523,False,,8,,,,2023-04-15T10:13:00.000Z,0.089762640769786,744308473.716155,-27.6378,0.64721798,-0.30355273,8.02090813,26.96299701,9.58458829,6.97172957,12472268172.58585,0.9764,12472268172.59,,2023-04-15T10:13:00.000Z,,,,,,,2023-04-15 10:15:08.213404
8,3890,Polygon,MATIC,polygon,654,2019-04-28T00:00:00.000Z,"['platform', 'enterprise-solutions', 'zero-knowledge-proofs', 'scaling', 'state-channel', 'coinbase-ventures-portfolio', 'layer-2', 'binance-launchpad', 'binance-labs-portfolio', 'polygon-ecosystem', 'moonriver-ecosystem', 'injective-ecosystem']",10000000000.0,9219469069.28493,10000000000.0,False,,9,,,,2023-04-15T10:13:00.000Z,1.1612090315859076,401633867.8973417,-19.1795,0.50154246,-1.72461009,4.0529229,1.79066792,-1.98087087,20.40156348,10705730749.680582,0.8381,11612090315.86,,2023-04-15T10:13:00.000Z,,,,,,,2023-04-15 10:15:08.213404
9,5426,Solana,SOL,solana,455,2020-04-10T00:00:00.000Z,"['pos', 'platform', 'solana-ecosystem', 'cms-holdings-portfolio', 'kenetic-capital-portfolio', 'alameda-research-portfolio', 'multicoin-capital-portfolio', 'okex-blockdream-ventures-portfolio', 'layer-1']",,391874884.7299089,539312704.8875339,False,,10,,,,2023-04-15T10:13:00.000Z,24.492382632719586,591530757.6167614,-35.0178,0.54195583,-2.31951395,18.98584648,25.00346157,14.2984366,8.39703763,9597949620.95781,0.7514,13209053126.79,,2023-04-15T10:13:00.000Z,,,,,,,2023-04-15 10:15:08.213404
10,6636,Polkadot,DOT,polkadot-new,497,2020-08-19T00:00:00.000Z,"['substrate', 'polkadot', 'binance-chain', 'polkadot-ecosystem', 'three-arrows-capital-portfolio', 'polychain-capital-portfolio', 'arrington-xrp-capital-portfolio', 'blockchain-capital-portfolio', 'boostvc-portfolio', 'cms-holdings-portfolio', 'coinfund-portfolio', 'fabric-ventures-portfolio', 'fenbushi-capital-portfolio', 'hashkey-capital-portfolio', 'kenetic-capital-portfolio', '1confirmation-portfolio', 'placeholder-ventures-portfolio', 'pantera-capital-portfolio', 'exnetwork-capital-portfolio', 'web3', 'spartan-group', 'injective-ecosystem', 'bnb-chain', 'layer-1']",,1176272716.5684533,1302751593.8736331,False,,11,,,,2023-04-15T10:13:00.000Z,6.776923302453397,242674463.7424581,-10.7034,0.60691141,0.09338628,9.47675847,12.02516344,10.62373595,14.80617287,7971509982.95291,0.6241,8828647633.83,,2023-04-15T10:13:00.000Z,,,,,,,2023-04-15 10:15:08.213404
11,2,Litecoin,LTC,litecoin,903,2013-04-28T00:00:00.000Z,"['mineable', 'pow', 'scrypt', 'medium-of-exchange']",84000000.0,72709351.8210035,84000000.0,False,,12,,,,2023-04-15T10:13:00.000Z,96.63231069059387,594904010.5608014,-20.3728,0.40395641,-0.71233934,6.46391545,22.13447266,5.29078266,11.60163024,7026072675.278907,0.5501,8117114098.01,,2023-04-15T10:13:00.000Z,,,,,,,2023-04-15 10:15:08.213404
12,4687,Binance USD,BUSD,binance-usd,6608,2019-09-20T00:00:00.000Z,"['stablecoin', 'asset-backed-stablecoin', 'binance-chain', 'harmony-ecosystem', 'moonriver-ecosystem', 'usd-stablecoin', 'optimism-ecosystem']",,6681120001.193376,6681120001.193376,False,,13,,,,2023-04-15T10:13:00.000Z,1.0007425942176913,3577361310.9460135,-6.3264,-0.00422459,0.01402055,0.10036331,0.08123894,0.09919529,0.06632242,6686081362.273963,0.5234,6686081362.27,,2023-04-15T10:13:00.000Z,1839.0,BNB,BNB,bnb,BUSD-BD1,,2023-04-15 10:15:08.213404
13,5994,Shiba Inu,SHIB,shiba-inu,504,2020-08-01T00:00:00.000Z,"['memes', 'ethereum-ecosystem', 'doggone-doggerel']",,589536806599287.5,589605111470794.8,False,,14,,,,2023-04-15T10:13:00.000Z,1.1233697977261765e-05,228154307.9030914,-10.293,0.14074923,-0.59811861,2.34023863,7.07254345,-9.81278797,12.60645538,6622678431.815776,0.5185,6623445748.11,,2023-04-15T10:13:00.000Z,1027.0,Ethereum,ETH,ethereum,0x95ad61b0a150d79219dcf64e1e6cc01f0b64c4ce,,2023-04-15 10:15:08.213404
14,5805,Avalanche,AVAX,avalanche,402,2020-07-13T00:00:00.000Z,"['defi', 'smart-contracts', 'three-arrows-capital-portfolio', 'polychain-capital-portfolio', 'avalanche-ecosystem', 'cms-holdings-portfolio', 'dragonfly-capital-portfolio', 'moonriver-ecosystem', 'injective-ecosystem', 'layer-1']",720000000.0,326194774.1917878,422257494.1917878,False,,15,,,,2023-04-15T10:13:00.000Z,19.28420333980342,221760452.9236918,-8.2545,0.30430828,0.78263428,9.14538986,22.15599641,9.20884884,18.84941435,6290406353.895696,0.4924,13884626404.66,,2023-04-15T10:13:00.000Z,,,,,,,2023-04-15 10:15:08.213404
